﻿<parameters>
  <parameter name="IIS Web Application Name" defaultValue="Default Web Site/" tags="IisApp">
    <parameterEntry kind="ProviderPath" scope="IisApp" match="^E:\\Project\\InsureThatAPI\\InsureThatAPI\\obj\\Debug\\Package\\PackageTmp$" />
    <parameterEntry kind="ProviderPath" scope="setAcl" match="^E:\\Project\\InsureThatAPI\\InsureThatAPI\\obj\\Debug\\Package\\PackageTmp$" />
  </parameter>
  <parameter name="MasterDataEntities-Web.config Connection String" description="MasterDataEntities Connection String used in web.config by the application to access the database." defaultValue="metadata=res://*/Models.InsureThatModel.csdl|res://*/Models.InsureThatModel.ssdl|res://*/Models.InsureThatModel.msl;provider=System.Data.SqlClient;provider connection string=&quot;data source=insurethat.c0enjhxzijzh.us-east-2.rds.amazonaws.com,1433;initial catalog=InsureThatDB;persist security info=True;user id=mindtech;password=Mindtech4321;MultipleActiveResultSets=True;App=EntityFramework&quot;" tags="SqlConnectionString">
    <parameterEntry kind="XmlFile" scope="E:\\Project\\InsureThatAPI\\InsureThatAPI\\obj\\Debug\\Package\\PackageTmp\\Web\.config$" match="/configuration/connectionStrings/add[@name='MasterDataEntities']/@connectionString" />
  </parameter>
  <parameter name="InsureThatAPIContext-Web.config Connection String" description="InsureThatAPIContext Connection String used in web.config by the application to access the database." defaultValue="Data Source=(localdb)\MSSQLLocalDB; Initial Catalog=InsureThatAPIContext-20170929115853; Integrated Security=True; MultipleActiveResultSets=True; AttachDbFilename=|DataDirectory|InsureThatAPIContext-20170929115853.mdf" tags="SqlConnectionString">
    <parameterEntry kind="XmlFile" scope="E:\\Project\\InsureThatAPI\\InsureThatAPI\\obj\\Debug\\Package\\PackageTmp\\Web\.config$" match="/configuration/connectionStrings/add[@name='InsureThatAPIContext']/@connectionString" />
  </parameter>
</parameters>